{
  "song_analog_sramcim_2025_v1": {
    "adc": {
      "1": {
        "energy_pj_per_conversion": 0.33960806025365997,
        "latency_ns_per_conversion": 0.6494534746440885,
        "area_mm2_per_unit": 6.368003786627109e-05
      },
      "2": {
        "energy_pj_per_conversion": 0.35293572269567586,
        "latency_ns_per_conversion": 0.6521371666880723,
        "area_mm2_per_unit": 9.611290986624237e-05
      },
      "3": {
        "energy_pj_per_conversion": 0.37179184462009046,
        "latency_ns_per_conversion": 0.6568585196455211,
        "area_mm2_per_unit": 0.0001300223374632741
      },
      "4": {
        "energy_pj_per_conversion": 0.40143988691885923,
        "latency_ns_per_conversion": 0.665581869510665,
        "area_mm2_per_unit": 0.00017248425456334811
      },
      "5": {
        "energy_pj_per_conversion": 0.4567068151701493,
        "latency_ns_per_conversion": 0.6823663294440767,
        "area_mm2_per_unit": 0.00023069623833571587
      },
      "6": {
        "energy_pj_per_conversion": 0.565223149070823,
        "latency_ns_per_conversion": 0.7154358680188502,
        "area_mm2_per_unit": 0.0003199735544458971
      },
      "7": {
        "energy_pj_per_conversion": 0.78125,
        "latency_ns_per_conversion": 0.78125,
        "area_mm2_per_unit": 0.0005859375
      },
      "8": {
        "energy_pj_per_conversion": 1.2127984378792425,
        "latency_ns_per_conversion": 0.9126868473310348,
        "area_mm2_per_unit": 0.0008886903249297807
      },
      "9": {
        "energy_pj_per_conversion": 2.0756456260769545,
        "latency_ns_per_conversion": 1.1754524842173901,
        "area_mm2_per_unit": 0.0017315771207626052
      },
      "10": {
        "energy_pj_per_conversion": 3.801210447605939,
        "latency_ns_per_conversion": 1.7009374475147943,
        "area_mm2_per_unit": 0.0034466208595832107
      },
      "11": {
        "energy_pj_per_conversion": 7.252281202088255,
        "latency_ns_per_conversion": 2.7518765004594,
        "area_mm2_per_unit": 0.007154097068574138
      },
      "12": {
        "energy_pj_per_conversion": 14.154340267046972,
        "latency_ns_per_conversion": 4.853739169523508,
        "area_mm2_per_unit": 0.014470497397760169
      },
      "13": {
        "energy_pj_per_conversion": 27.95864684040649,
        "latency_ns_per_conversion": 9.057479944476826,
        "area_mm2_per_unit": 0.02935121460307312
      },
      "14": {
        "energy_pj_per_conversion": 55.56702443282293,
        "latency_ns_per_conversion": 17.464915183908158,
        "area_mm2_per_unit": 0.059608566289769904
      },
      "15": {
        "energy_pj_per_conversion": 110.7837796176558,
        "latency_ns_per_conversion": 34.27978566277082,
        "area_mm2_per_unit": 0.12111502003311614
      },
      "16": {
        "energy_pj_per_conversion": 221.21728998732152,
        "latency_ns_per_conversion": 67.90952662049615,
        "area_mm2_per_unit": 0.24611210171722686
      }
    },
    "dac": {
      "1": {
        "energy_pj_per_conversion": 0.0908538818359375,
        "latency_ns_per_conversion": 2.5,
        "area_mm2_per_unit": 6.103515625e-07
      },
      "2": {
        "energy_pj_per_conversion": 0.22499528319747075,
        "latency_ns_per_conversion": 2.498971405226057,
        "area_mm2_per_unit": 9.325999765289907e-07
      },
      "3": {
        "energy_pj_per_conversion": 0.35896927175935284,
        "latency_ns_per_conversion": 2.499014714479744,
        "area_mm2_per_unit": 1.1576109870234686e-06
      },
      "4": {
        "energy_pj_per_conversion": 0.49316673297949687,
        "latency_ns_per_conversion": 2.4990580237333515,
        "area_mm2_per_unit": 1.4670538963901717e-06
      },
      "5": {
        "energy_pj_per_conversion": 0.6270289426135713,
        "latency_ns_per_conversion": 2.4991013329870375,
        "area_mm2_per_unit": 1.839820729911043e-06
      },
      "6": {
        "energy_pj_per_conversion": 0.7599449504395416,
        "latency_ns_per_conversion": 2.499144642240645,
        "area_mm2_per_unit": 2.080029482202522e-06
      },
      "7": {
        "energy_pj_per_conversion": 0.8941979603341754,
        "latency_ns_per_conversion": 2.4991879514943323,
        "area_mm2_per_unit": 2.398267381035082e-06
      },
      "8": {
        "energy_pj_per_conversion": 1.0272266416601652,
        "latency_ns_per_conversion": 2.4992312607478606,
        "area_mm2_per_unit": 2.7200584556118485e-06
      },
      "9": {
        "energy_pj_per_conversion": 1.162761104948973,
        "latency_ns_per_conversion": 2.4992853973150346,
        "area_mm2_per_unit": 3.3138609643886306e-06
      },
      "10": {
        "energy_pj_per_conversion": 1.2971802922816322,
        "latency_ns_per_conversion": 2.4991771241809375,
        "area_mm2_per_unit": 3.6112723281660426e-06
      },
      "11": {
        "energy_pj_per_conversion": 1.431599820403705,
        "latency_ns_per_conversion": 2.4992420880613646,
        "area_mm2_per_unit": 3.917267601662129e-06
      },
      "12": {
        "energy_pj_per_conversion": 1.5660176019800311,
        "latency_ns_per_conversion": 2.4992420880613326,
        "area_mm2_per_unit": 4.11765264165221e-06
      },
      "13": {
        "energy_pj_per_conversion": 1.7004940419342502,
        "latency_ns_per_conversion": 2.499350361195398,
        "area_mm2_per_unit": 4.3885031372427345e-06
      },
      "14": {
        "energy_pj_per_conversion": 1.8349166797597265,
        "latency_ns_per_conversion": 2.4993503611953685,
        "area_mm2_per_unit": 4.5896621363058095e-06
      },
      "15": {
        "energy_pj_per_conversion": 1.9693888172475935,
        "latency_ns_per_conversion": 2.4993503611953365,
        "area_mm2_per_unit": 4.906809456444603e-06
      },
      "16": {
        "energy_pj_per_conversion": 2.097906298705123,
        "latency_ns_per_conversion": 2.4994586343295597,
        "area_mm2_per_unit": 5.111767890956928e-06
      }
    },
    "array": {
      "energy_pj_per_activation": 2.37421875,
      "latency_ns_per_activation": 10.0,
      "area_mm2_per_weight": 4.57763671875e-08,
      "area_mm2_per_array": 0.0001875,
      "arrays_per_weight": 4
    },
    "digital": {
      "attention": {
        "energy_pj_per_mac": 5.9854,
        "latency_ns_per_mac": 2.08
      },
      "softmax": {
        "energy_pj_per_mac": 3.4208,
        "latency_ns_per_mac": 2.08
      },
      "elementwise": {
        "energy_pj_per_mac": 3.6208,
        "latency_ns_per_mac": 2.05
      },
      "kv_cache": {
        "energy_pj_per_mac": 10.2172,
        "latency_ns_per_mac": 2.13
      },
      "digital_overhead_area_mm2_per_layer": 0.022741
    },
    "memory": {
      "sram": {
        "read_energy_pj_per_byte": 16.65390625,
        "write_energy_pj_per_byte": 18.19015625,
        "read_bandwidth_GBps": 22.09227667815005,
        "write_bandwidth_GBps": 22.09227667815005,
        "read_latency_ns": 3.80895,
        "write_latency_ns": 3.80895,
        "area_mm2": 18.5478,
        "capacity_bytes": 2097152
      },
      "hbm": {
        "read_energy_pj_per_byte": 28.571428571428573,
        "write_energy_pj_per_byte": 28.571428571428573,
        "read_bandwidth_GBps": 256.0,
        "write_bandwidth_GBps": 256.0,
        "read_latency_ns": 29.634600163,
        "write_latency_ns": 29.634600163,
        "area_mm2": 5916.6
      },
      "fabric": {
        "read_energy_pj_per_byte": 0.08246875,
        "write_energy_pj_per_byte": 0.08246875,
        "read_bandwidth_GBps": 16.0,
        "write_bandwidth_GBps": 16.0,
        "read_latency_ns": 2.0,
        "write_latency_ns": 2.0,
        "area_mm2": 0.01464
      }
    },
    "analog_periphery": {
      "tia": {
        "energy_pj_per_op": 0.0,
        "latency_ns_per_op": 0.0,
        "area_mm2_per_unit": 0.0
      },
      "snh": {
        "energy_pj_per_op": 1.8310546875000002e-08,
        "latency_ns_per_op": 0.0,
        "area_mm2_per_unit": 1.171875e-07
      },